{"cameraMode":{"drawMode":0,"name":"Shaded","section":"Shading Mode"},"sceneLighting":false,"audioPlay":false,"sceneViewState":{"showFog":true,"showMaterialUpdate":false,"showSkybox":true,"showFlares":true,"showImageEffects":true,"showParticleSystems":true},"in2DMode":false,"pivot":{"x":0.12914419174194337,"y":0.7896561026573181,"z":1.6354002952575684},"rotation":{"x":0.019741391763091089,"y":-0.9481477737426758,"z":0.311472088098526,"w":0.060094621032476428},"size":1.041658878326416,"orthographic":false}