{"cameraMode":{"drawMode":0,"name":"Shaded","section":"Shading Mode"},"sceneLighting":true,"audioPlay":false,"sceneViewState":{"showFog":true,"showMaterialUpdate":false,"showSkybox":true,"showFlares":true,"showImageEffects":true,"showParticleSystems":true},"in2DMode":false,"pivot":{"x":-1.357834815979004,"y":-0.1479473114013672,"z":0.6161553859710693},"rotation":{"x":-0.2531593441963196,"y":0.6102039813995361,"z":-0.21475224196910859,"w":-0.71933513879776},"size":4.454560279846191,"orthographic":false}