{"cameraMode":{"drawMode":0,"name":"Shaded","section":"Shading Mode"},"sceneLighting":false,"audioPlay":false,"sceneViewState":{"showFog":true,"showMaterialUpdate":false,"showSkybox":true,"showFlares":true,"showImageEffects":true,"showParticleSystems":true},"in2DMode":false,"pivot":{"x":1.7042031288146973,"y":-0.3677935004234314,"z":-1.6411323547363282},"rotation":{"x":-0.3254208266735077,"y":0.3784974217414856,"z":-0.1441544145345688,"w":-0.8544358015060425},"size":1.5958666801452637,"orthographic":false}