{"cameraMode":{"drawMode":0,"name":"Shaded","section":"Shading Mode"},"sceneLighting":true,"audioPlay":false,"sceneViewState":{"showFog":true,"showMaterialUpdate":false,"showSkybox":true,"showFlares":true,"showImageEffects":true,"showParticleSystems":true},"in2DMode":false,"pivot":{"x":0.878173828125,"y":2.060302734375,"z":0.9432220458984375},"rotation":{"x":0.21390055119991303,"y":-0.6868119835853577,"z":0.22333604097366334,"w":0.6577665209770203},"size":1.8638700246810914,"orthographic":true}