{"cameraMode":{"drawMode":0,"name":"Shaded","section":"Shading Mode"},"sceneLighting":false,"audioPlay":false,"sceneViewState":{"showFog":true,"showMaterialUpdate":false,"showSkybox":true,"showFlares":true,"showImageEffects":true,"showParticleSystems":true},"in2DMode":false,"pivot":{"x":2.053696632385254,"y":0.35120606422424319,"z":-1.965000033378601},"rotation":{"x":0.21390055119991303,"y":-0.6868119835853577,"z":0.22333604097366334,"w":0.6577665209770203},"size":1.0180165767669678,"orthographic":true}