{"cameraMode":{"drawMode":0,"name":"Shaded","section":"Shading Mode"},"sceneLighting":true,"audioPlay":false,"sceneViewState":{"showFog":true,"showMaterialUpdate":false,"showSkybox":true,"showFlares":true,"showImageEffects":true,"showParticleSystems":true},"in2DMode":false,"pivot":{"x":0.20399999618530274,"y":1.6009999513626099,"z":0.6649999618530273},"rotation":{"x":0.2208884209394455,"y":-0.6826695799827576,"z":0.22926382720470429,"w":0.6577299237251282},"size":2.101815700531006,"orthographic":true}