{"cameraMode":{"drawMode":0,"name":"Shaded","section":"Shading Mode"},"sceneLighting":false,"audioPlay":false,"sceneViewState":{"showFog":true,"showMaterialUpdate":false,"showSkybox":true,"showFlares":true,"showImageEffects":true,"showParticleSystems":true},"in2DMode":false,"pivot":{"x":-0.44134563207626345,"y":0.3172581195831299,"z":-1.325656533241272},"rotation":{"x":0.29462748765945437,"y":0.044415734708309177,"z":-0.013709993101656437,"w":0.9544810056686401},"size":0.21909958124160767,"orthographic":false}