{"cameraMode":{"drawMode":0,"name":"Shaded","section":"Shading Mode"},"sceneLighting":false,"audioPlay":false,"sceneViewState":{"showFog":true,"showMaterialUpdate":false,"showSkybox":true,"showFlares":true,"showImageEffects":true,"showParticleSystems":true},"in2DMode":false,"pivot":{"x":-0.121826171875,"y":1.5399169921875,"z":1.157958984375},"rotation":{"x":-0.08167596906423569,"y":0.8362479209899902,"z":-0.129718616604805,"w":-0.5264899134635925},"size":1.6860870122909547,"orthographic":true}