{"cameraMode":{"drawMode":0,"name":"Shaded","section":"Shading Mode"},"sceneLighting":false,"audioPlay":false,"sceneViewState":{"showFog":true,"showMaterialUpdate":false,"showSkybox":true,"showFlares":true,"showImageEffects":true,"showParticleSystems":true},"in2DMode":false,"pivot":{"x":2.0536999702453615,"y":0.3630000352859497,"z":-1.3289999961853028},"rotation":{"x":-0.08167596906423569,"y":0.8362479209899902,"z":-0.129718616604805,"w":-0.5264899134635925},"size":0.8253223299980164,"orthographic":true}