{"cameraMode":{"drawMode":0,"name":"Shaded","section":"Shading Mode"},"sceneLighting":false,"audioPlay":false,"sceneViewState":{"showFog":true,"showMaterialUpdate":false,"showSkybox":true,"showFlares":true,"showImageEffects":true,"showParticleSystems":true},"in2DMode":false,"pivot":{"x":-0.08128449320793152,"y":0.5709025859832764,"z":-0.33206290006637576},"rotation":{"x":-0.05252751335501671,"y":0.9028962850570679,"z":-0.41071251034736636,"w":-0.11547498404979706},"size":2.5863285064697267,"orthographic":false}