{"cameraMode":{"drawMode":0,"name":"Shaded","section":"Shading Mode"},"sceneLighting":false,"audioPlay":false,"sceneViewState":{"showFog":true,"showMaterialUpdate":false,"showSkybox":true,"showFlares":true,"showImageEffects":true,"showParticleSystems":true},"in2DMode":false,"pivot":{"x":-0.13823175430297852,"y":-0.0682363510131836,"z":-0.22824609279632569},"rotation":{"x":0.3384808599948883,"y":-0.3675709664821625,"z":0.14570751786231996,"w":0.8538686037063599},"size":4.657884120941162,"orthographic":false}