{"cameraMode":{"drawMode":0,"name":"Shaded","section":"Shading Mode"},"sceneLighting":false,"audioPlay":false,"sceneViewState":{"showFog":true,"showMaterialUpdate":false,"showSkybox":true,"showFlares":true,"showImageEffects":true,"showParticleSystems":true},"in2DMode":false,"pivot":{"x":-2.759999990463257,"y":1.0,"z":1.2999999523162842},"rotation":{"x":0.6220789551734924,"y":0.0023488616570830347,"z":-0.0018662353977560998,"w":0.7829487919807434},"size":0.000057235301937907934,"orthographic":false}