{"cameraMode":{"drawMode":0,"name":"Shaded","section":"Shading Mode"},"sceneLighting":true,"audioPlay":false,"sceneViewState":{"showFog":true,"showMaterialUpdate":false,"showSkybox":true,"showFlares":true,"showImageEffects":true,"showParticleSystems":true},"in2DMode":false,"pivot":{"x":0.1357421875,"y":1.959716796875,"z":1.31182861328125},"rotation":{"x":0.2777996361255646,"y":-0.5393273830413818,"z":0.19436201453208924,"w":0.7708286046981812},"size":1.9285115003585816,"orthographic":true}