{"cameraMode":{"drawMode":0,"name":"Shaded","section":"Shading Mode"},"sceneLighting":false,"audioPlay":false,"sceneViewState":{"showFog":true,"showMaterialUpdate":false,"showSkybox":true,"showFlares":true,"showImageEffects":true,"showParticleSystems":true},"in2DMode":false,"pivot":{"x":-0.020002130419015886,"y":-0.00010799616575241089,"z":0.044831812381744388},"rotation":{"x":-0.15327470004558564,"y":0.014822181314229966,"z":-0.00229927571490407,"w":-0.9880697727203369},"size":1.222151756286621,"orthographic":false}