{"cameraMode":{"drawMode":0,"name":"Shaded","section":"Shading Mode"},"sceneLighting":false,"audioPlay":false,"sceneViewState":{"showFog":true,"showMaterialUpdate":false,"showSkybox":true,"showFlares":true,"showImageEffects":true,"showParticleSystems":true},"in2DMode":false,"pivot":{"x":2.0536999702453615,"y":0.23909997940063477,"z":-1.594599962234497},"rotation":{"x":0.2208884209394455,"y":-0.6826695799827576,"z":0.22926382720470429,"w":0.6577299237251282},"size":0.9050319790840149,"orthographic":true}